match,max_abs_smd,n_above_005
Stroke 1:4,0.057375433058871245,2
TBI 1:4,0.05847100265245997,5
TBI 1:4 (incl. marijuana use),0.05695764855411044,2
