match,max_abs_smd,n_above_005
Stroke 1:4,0.09129763814936609,1
TBI 1:4,0.09330242010582729,4
TBI 1:4 (incl. marijuana use),0.09610149270900212,5
