dataset,n_total,n_exposed,n_unexposed,smd,p_exposed,p_unexposed,or,or_ci_lower,or_ci_upper,balance_ok
stroke_1_4,430,91,339,-0.020694741824529038,0.615041208410266,0.6250852941661569,0.9582595729651476,0.503368984163384,1.824231206270144,TRUE
tbi_1_4,2254,460,1794,0.14135548195836972,0.7047353077543863,0.6385169009611135,1.3512325956410838,1.102973985609998,1.6553695294211028,FALSE
