outcome,exposure,n,beta1,se_beta1,or,or_ci_lower,or_ci_upper,p_unadj,prob_exposed,prob_unexposed,rd,rd_ci_lower,rd_ci_upper,adjusted_model_run,n_adjustment_covariates,adjustment_covariates,or_adj,or_adj_ci_lower,or_adj_ci_upper,p_unadj_adj_model,ratio,match_type,m_tests,p_bonf,exposure_type
usual_place,stroke_exposed,2155,0.5308564820554522,0.3913529116134844,1.700388036967926,0.7896265042815102,3.6616292140478244,0.1847487645920383,0.9605699008831583,0.9347553515003435,0.0258145493828148,-0.006265493993942002,0.0578945927595716,FALSE,0,,NA,NA,NA,NA,4,stroke_1_4,2,0.3694975291840766,stroke
any_insurance,stroke_exposed,2151,0.21370505848047572,0.19889935430933645,1.238257387414436,0.8385025337437605,1.8285947815096089,0.29091850487512955,0.9130741854007645,0.8945474655642844,0.01852671983648002,-0.015835346027504048,0.05288878570046409,FALSE,0,,NA,NA,NA,NA,4,stroke_1_4,2,0.5818370097502591,stroke
usual_place,tbi_exposed,4740,-0.07870963348672345,0.17417151094348501,0.9243082736540029,0.6569904509433484,1.300393001935598,0.6544809089206521,0.8963810575119805,0.9034670367917478,-0.007085979279767285,-0.038367527377148214,0.024195568817613644,FALSE,0,,NA,NA,NA,NA,4,tbi_1_4_revised,2,1,tbi
any_insurance,tbi_exposed,4738,-0.07156798836178642,0.11742091521155822,0.9309329828347968,0.7395502985477556,1.1718421589870134,0.5466350763761778,0.8564008204154828,0.864979660141539,-0.00857883972605622,-0.04380166538805915,0.02664398593594671,FALSE,0,,NA,NA,NA,NA,4,tbi_1_4_revised,2,1,tbi
