outcome,exposure,n,beta1,se_beta1,or,or_ci_lower,or_ci_upper,p_unadj,prob_exposed,prob_unexposed,rd,rd_ci_lower,rd_ci_upper,ratio,match_type,m_tests,p_bonf,exposure_type
usual_place,stroke_exposed,2155,0.4918474573773028,0.3387075850004402,1.6353346419424961,0.8419628311650884,3.1762915085414543,0.15651234275280304,0.960569900824859,0.9370944589633796,0.02347544186147943,-0.005657294540261138,0.05260817826321999,4,stroke_1_4,2,0.3130246855056061,stroke
any_insurance,stroke_exposed,2150,0.1721285051143685,0.2321166282897264,1.1878304656965133,0.7536553685635801,1.8721305175944825,0.4639350154147718,0.9130741851306645,0.898405632218551,0.014668552912113553,-0.018752635816151726,0.04808974164037883,4,stroke_1_4,2,0.9278700308295436,stroke
usual_place,tbi_exposed,4740,-0.0448361154843365,0.17227697444070297,0.9561541678562415,0.682154583098249,1.3402105847571317,0.7963872353309593,0.8963810575118235,0.9004721354285701,-0.004091077916746566,-0.03587940208032724,0.02769724624683411,4,tbi_1_4,2,1,tbi
any_insurance,tbi_exposed,4736,-0.06279284662929176,0.1270742189062827,0.9391379991422185,0.7320852458766973,1.2047506576596116,0.6246886069069625,0.8564008207546011,0.8639515267432963,-0.007550705988695228,-0.044387494724407624,0.02928608274701717,4,tbi_1_4,2,1,tbi
