outcome,exposure,n,beta1,se_beta1,or,or_ci_lower,or_ci_upper,p_unadj,prob_exposed,prob_unexposed,rd,rd_ci_lower,rd_ci_upper,adjusted_model_run,n_adjustment_covariates,adjustment_covariates,or_adj,or_adj_ci_lower,or_adj_ci_upper,p_unadj_adj_model,ratio,match_type,m_tests,p_bonf
usual_place,stroke_exposed,2155,0.5308564820554522,0.3913529116134844,1.700388036967926,0.7896265042815102,3.6616292140478244,0.1847487645920383,0.9605699008831583,0.9347553515003435,0.0258145493828148,-0.006265493993942002,0.0578945927595716,FALSE,0,,NA,NA,NA,NA,4,stroke_1_4,2,0.3694975291840766
any_insurance,stroke_exposed,2151,0.21370505848047572,0.19889935430933645,1.238257387414436,0.8385025337437605,1.8285947815096089,0.29091850487512955,0.9130741854007645,0.8945474655642844,0.01852671983648002,-0.015835346027504048,0.05288878570046409,FALSE,0,,NA,NA,NA,NA,4,stroke_1_4,2,0.5818370097502591
