outcome,exposure,n,beta1,se_beta1,or,or_ci_lower,or_ci_upper,p_unadj,prob_exposed,prob_unexposed,rd,rd_ci_lower,rd_ci_upper,ratio,match_type,m_tests,p_bonf
usual_place,tbi_exposed,4740,-0.0448361154843365,0.17227697444070297,0.9561541678562415,0.682154583098249,1.3402105847571317,0.7963872353309593,0.8963810575118235,0.9004721354285701,-0.004091077916746566,-0.03587940208032724,0.02769724624683411,4,tbi_1_4,2,1
any_insurance,tbi_exposed,4736,-0.06279284662929176,0.1270742189062827,0.9391379991422185,0.7320852458766973,1.2047506576596116,0.6246886069069625,0.8564008207546011,0.8639515267432963,-0.007550705988695228,-0.044387494724407624,0.02928608274701717,4,tbi_1_4,2,1
